___,___
grpc/grpc,___
rethinkdb/rethinkdb,___
prometheus/prometheus,___
kubernetes/charts,___
nodejs/node,___
kubernetes/kubernetes,___
OAI/OpenAPI-Specification,___
rethinkdb/horizon,___
fluent/fluentd,___
kubernetes/minikube,___
opencontainers/runc,___
grpc/grpc-go,___
nodejs/http-parser,___
iovisor/bcc,___
nodejs/node-gyp,___
grpc/grpc-java,___
kubernetes/kops,___
linkerd/linkerd,___
kubernetes/helm,___
letsencrypt/boulder,___
hyperledger/fabric,___
nodejs/node-convergence-archive,___
nodejs/nan,___
containerd/containerd,___
nodejs/docker-node,___
kubernetes/kompose,___
kubernetes/heapster,___
kubernetes/dashboard,___
openvswitch/ovs,___
cloudfoundry/bosh,___
kubernetes/contrib,___
nodejs/node-chakracore,___
coredns/coredns,___
opencontainers/runtime-spec,___
cloudfoundry/cli,___
prometheus/node_exporter,___
nodejs/node-addon-examples,___
containernetworking/cni,___
kubernetes/community,___
JanusGraph/janusgraph,___
opentracing/opentracing-go,___
prometheus/alertmanager,___
cloudfoundry/uaa,___
theupdateframework/tuf,___
nodejs/nodejs.org,___
cloudfoundry/cf-release,___
nodejs/readable-stream,___
nodejs/http2,___
coreinfrastructure/best-practices-badge,___
opentracing/opentracing-java,___
prometheus/client_golang,___
nodejs/nodejs-zh-CN,___
hyperledger/sawtooth-core,___
opennetworkinglab/onos,___
fluent/fluentd-ui,___
linkerd/linkerd-tcp,___
cloudfoundry/gorouter,___
kubernetes/kubernetes-anywhere,___
nodejs/llnode,___
zephyrproject-rtos/zephyr,___
cloudfoundry/bosh-lite,___
hyperledger/iroha,___
kubernetes/kube-deploy,___
opencontainers/image-spec,___
prometheus/client_python,___
fluent/fluent-bit,___
kubernetes/kube-state-metrics,___
cloudfoundry-attic/warden,___
FRRouting/frr,___
hyperledger/composer,___
cloudfoundry/gosigar,___
prometheus/blackbox_exporter,___
openhpc/ohpc,___
prometheus/client_java,___
opentracing/opentracing-javascript,___
prometheus/jmx_exporter,___
prometheus/pushgateway,___
nodejs/citgm,___
cloudfoundry/java-buildpack,___
cloudfoundry/cf-java-client,___
cloudfoundry/java-buildpack-auto-reconfiguration,___
nodejs/iojs.org,___
opentracing/opentracing-python,___
opendaylight/controller,___
nodejs/installer,___
kubernetes/autoscaler,___
fluent/fluentd-forwarder,___
fluent/fluent-logger-ruby,___
rethinkdb/rethinkdb-example-nodejs-chat,___
nodejs/diagnostics,___
kubernetes/frakti,___
hyperledger/burrow,___
nodejs/node-report,___
fluent/fluentd-docker-image,___
nodejs/nodejs-ko,___
cloudfoundry/diego-release,___
fluent/fluent-logger-php,___
prometheus/mysqld_exporter,___
todogroup/opencodeofconduct,___
nodejs/docker-iojs,___
fluent/fluent-plugin-s3,___
kubernetes/kubernetes-bootcamp,___
nodejs/build,___
linkerd/linkerd-examples,___
hyperledger/fabric-sdk-node,___
kubernetes/node-problem-detector,___
cloudfoundry/garden,___
fluent/fluent-logger-golang,___
prometheus/tsdb,___
fluent/fluent-plugin-mongo,___
fluent/fluent-plugin-kafka,___
kubernetes/test-infra,___
iotivity/iotivity,___
prometheus/statsd_exporter,___
fluent/fluent-logger-java,___
kubernetes/git-sync,___
nodejs/abi-stable-node,___
fluent/fluent-logger-node,___
cloudfoundry/staticfile-buildpack,___
letsencrypt/website,___
rethinkdb/rethinkdb-example-nodejs,___
prometheus/client_ruby,___
prometheus/haproxy_exporter,___
cloudfoundry/diego-design-notes,___
hyperledger/fabric-sdk-java,___
hyperledger/cello,___
fossology/fossology,___
prometheus/snmp_exporter,___
opennetworkinglab/flowvisor,___
grpc/grpc.github.io,___
iovisor/gobpf,___
rethinkdb/rethinkdb-example-flask-backbone-todo,___
prometheus/procfs,___
cloudfoundry/cloud_controller_ng,___
openmessaging/openmessaging-java,___
kubernetes/examples,___
nodejs/nodejs-zh-TW,___
prometheus/cloudwatch_exporter,___
kubernetes/release,___
cloudfoundry/php-buildpack,___
kubernetes/dns,___
containerd/cgroups,___
prometheus/consul_exporter,___
coreinfrastructure/census,___
fluent/fluent-plugin-rewrite-tag-filter,___
todogroup/todogroup.github.io,___
prometheus/collectd_exporter,___
opencontainers/runtime-tools,___
rethinkdb/docs,___
fluent/nginx-fluentd-module,___
nodejs/node-addon-api,___
rethinkdb/elasticsearch-river-rethinkdb,___
nodejs/github-bot,___
openvswitch/ovn-kubernetes,___
kubernetes/gengo,___
nodejs/nodejs-ru,___
nodejs/benchmarking,___
nodejs/nodejs.org-archive,___
hyperledger/indy-plenum,___
hyperledger/fabric-sdk-go,___
cloudfoundry/python-buildpack,___
prometheus/docs,___
cloudfoundry/nodejs-buildpack,___
prometheus/graphite_exporter,___
cncf/demo,___
nodejs/node-inspect,___
hyperledger/blockchain-explorer,___
opentracing/opentracing-csharp,___
fluent/fluentd-kubernetes-daemonset,___
containernetworking/plugins,___
cloudfoundry/go-buildpack,___
hyperledger/fabric-chaintool,___
cloudfoundry/cf-mysql-release,___
linkerd/linkerd-viz,___
rethinkdb/logstash-input-rethinkdb,___
openankus/ankus,__
openankus/ankus_optimizer,__
openankus/ankus_pjt1,__
ashbigmass/drone,__
kayform/bwcontrol,__
kayform/DX-Management,__
kayform/mobius-yt-pg,__
kayform/kafka-connect-hdfs,__
kayform/kafka,__
kayform/schema-registry,__
lablup/backend.ai,__
fluidic/beaver,__
daliworks/openhardware ,__
daliworks/thingplus-embedded,__
otestmanager/otestmanager,__
daliworks/sensorjs,__
OpenSourceConsulting/athena-peacock,__
KyongI/cloudexchange,__
OpenSourceConsulting/athena-spider,__
Falinux-SoftwareinLife/silfa,__
apache/zeppelin
apache/tajo
hangum/tadpolefordbtools
yona-projects/yona